City_ID,City,Lat,Lng,Max Temp,Humidity,Cloudiness,Wind Speed,Country,Date
0,reggane,26.7158,0.1714,92.48,11.0,13.0,8.79,DZ,1683839343.0
1,waitangi,-43.9535,-176.5597,48.81,85.0,35.0,3.0,NZ,1683839587.0
2,yellowknife,62.456,-114.3525,66.56,34.0,1.0,17.0,CA,1683839623.0
3,geraldton,-28.7667,114.6,55.81,54.0,21.0,12.66,AU,1683839625.0
4,adamstown,-25.066,-130.1015,70.45,58.0,92.0,17.45,PN,1683839168.0
5,jamestown,42.097,-79.2353,74.84,33.0,0.0,9.22,US,1683839153.0
6,quebo,11.3333,-14.9333,80.51,63.0,98.0,8.86,GW,1683839626.0
7,keflavik,64.0049,-22.5624,46.83,100.0,100.0,23.02,IS,1683839240.0
8,grytviken,-54.2811,-36.5092,24.51,76.0,12.0,10.83,GS,1683839577.0
9,ushuaia,-54.8,-68.3,49.66,57.0,75.0,11.5,AR,1683839626.0
10,aasiaat,68.7098,-52.8699,28.33,76.0,100.0,7.31,GL,1683839610.0
11,puerto asis,0.5133,-76.5007,85.08,62.0,56.0,3.13,CO,1683839627.0
12,howrah,22.5892,88.3103,86.0,79.0,40.0,4.61,IN,1683839594.0
13,khandyga,62.6667,135.6,34.32,95.0,100.0,1.66,RU,1683839628.0
14,igarape miri,-1.975,-48.9597,78.87,88.0,22.0,3.58,BR,1683839628.0
15,bethel,41.3712,-73.414,81.28,33.0,75.0,6.91,US,1683839148.0
16,puerto natales,-51.7236,-72.4875,44.96,91.0,100.0,2.39,CL,1683839628.0
17,kapoeta,4.7717,33.5903,80.82,48.0,86.0,8.66,SS,1683839404.0
18,kingston,17.997,-76.7936,86.23,75.0,0.0,1.01,JM,1683839377.0
19,blackmans bay,-43.0167,147.3167,46.74,85.0,100.0,6.35,AU,1683839578.0
20,pemalang,-6.9,109.3667,78.6,83.0,77.0,4.18,ID,1683839630.0
21,fisterra,42.9049,-9.2629,57.74,74.0,2.0,17.92,ES,1683839630.0
22,kristiansund,63.1115,7.732,50.65,87.0,75.0,2.3,NO,1683839630.0
23,puerto carreno,6.189,-67.4859,88.32,53.0,69.0,3.18,CO,1683839631.0
24,ancud,-41.8697,-73.8203,55.63,90.0,100.0,9.35,CL,1683839631.0
25,ouarzazat,30.9189,-6.8934,76.93,16.0,49.0,15.52,MA,1683839631.0
26,tiksi,71.6872,128.8694,11.03,84.0,98.0,18.68,RU,1683839632.0
27,hamilton,39.1834,-84.5333,85.42,39.0,40.0,8.05,US,1683839508.0
28,olonkinbyen,70.9221,-8.7187,31.24,80.0,58.0,10.25,SJ,1683839632.0
29,astrakhan,46.3497,48.0408,44.47,93.0,0.0,4.47,RU,1683839633.0
30,wailua homesteads,22.0669,-159.378,79.23,72.0,75.0,11.5,US,1683839633.0
31,thunder bay,48.4001,-89.3168,60.94,78.0,97.0,4.12,CA,1683839374.0
32,saint-pierre,-21.3393,55.4781,73.08,73.0,0.0,6.91,RE,1683839634.0
33,port-aux-francais,-49.35,70.2167,46.38,91.0,100.0,40.62,TF,1683839634.0
34,punta arenas,-53.15,-70.9167,44.71,81.0,75.0,9.22,CL,1683839540.0
35,cavan,53.9908,-7.3606,47.79,96.0,5.0,5.12,IE,1683839634.0
36,cabedelo,-6.9811,-34.8339,81.27,77.0,87.0,9.82,BR,1683839485.0
37,west island,-12.1568,96.8225,84.18,79.0,75.0,12.66,CC,1683839597.0
38,sidareja,-7.4846,108.7923,74.32,94.0,85.0,1.74,ID,1683839635.0
39,anadyr,64.75,177.4833,39.7,60.0,0.0,4.47,RU,1683839636.0
40,pisco,-13.7,-76.2167,71.65,73.0,100.0,11.5,PE,1683839636.0
41,lihue,21.9789,-159.3672,79.84,72.0,75.0,11.5,US,1683839637.0
42,uturoa,-16.7333,-151.4333,78.71,83.0,100.0,18.7,PF,1683839637.0
43,port-vila,-17.7338,168.3219,78.4,78.0,100.0,6.91,VU,1683839637.0
44,keetmanshoop,-26.5833,18.1333,65.12,33.0,100.0,7.0,NA,1683839638.0
45,college,64.8569,-147.8028,61.12,46.0,75.0,11.5,US,1683839532.0
46,aksu,41.1231,80.2644,63.64,12.0,64.0,4.94,CN,1683839638.0
47,kodiak,57.79,-152.4072,44.11,81.0,100.0,16.11,US,1683839639.0
48,tazacorte,28.629,-17.9293,68.97,91.0,100.0,18.41,ES,1683839639.0
49,san patricio,28.017,-97.5169,90.16,62.0,54.0,14.76,US,1683839640.0
50,sawakin,19.1059,37.3321,82.99,45.0,0.0,2.73,SD,1683839646.0
51,kapa'a,22.0752,-159.319,80.58,71.0,75.0,11.5,US,1683839646.0
52,toga village,,,,,,,,
53,atenas,37.9795,23.7162,61.66,67.0,20.0,10.36,GR,1683839419.0
54,bredasdorp,-34.5322,20.0403,55.42,60.0,100.0,8.84,ZA,1683839647.0
55,queenstown,-31.8976,26.8753,52.38,92.0,76.0,4.27,ZA,1683839647.0
56,longyearbyen,78.2186,15.6401,26.44,74.0,75.0,17.27,SJ,1683839647.0
57,moyale,3.5167,39.0584,67.12,68.0,76.0,2.8,KE,1683839647.0
58,klaksvik,62.2266,-6.589,49.12,85.0,1.0,6.6,FO,1683839648.0
59,constantia,44.1833,28.65,47.08,71.0,20.0,9.57,RO,1683839648.0
60,edinburgh of the seven seas,-37.0676,-12.3116,62.04,81.0,90.0,23.96,SH,1683839649.0
61,thompson,55.7435,-97.8558,70.79,27.0,36.0,10.71,CA,1683839649.0
62,igrim,63.1906,64.4162,32.13,74.0,84.0,5.41,RU,1683839650.0
63,mhamid,29.82,-5.72,91.36,7.0,34.0,15.52,MA,1683839650.0
64,cassilandia,-19.1133,-51.7342,75.09,68.0,98.0,4.16,BR,1683839651.0
65,westport,41.1415,-73.3579,81.95,29.0,0.0,13.8,US,1683839589.0
66,taiohae,,,,,,,,
67,margaret river,-33.95,115.0667,51.06,73.0,75.0,9.44,AU,1683839652.0
68,badger,64.8,-147.5333,61.05,38.0,75.0,11.5,US,1683839652.0
69,rakops,-21.0167,24.3333,70.34,33.0,0.0,3.69,BW,1683839653.0
70,whitehorse,60.7161,-135.0538,60.03,32.0,100.0,18.01,CA,1683839385.0
71,merta,26.65,74.0333,86.63,11.0,0.0,2.26,IN,1683839653.0
72,vilyuchinsk,52.9306,158.4028,35.87,93.0,99.0,0.74,RU,1683839654.0
73,bilibino,68.0546,166.4372,31.98,82.0,100.0,3.58,RU,1683839654.0
74,saudarkrokur,65.7461,-19.6394,51.53,74.0,100.0,15.9,IS,1683839431.0
75,stanley,54.868,-1.6985,50.52,91.0,20.0,4.61,GB,1683839596.0
76,qaqortoq,60.7167,-46.0333,38.77,77.0,100.0,3.27,GL,1683839624.0
77,tolanaro,-25.0319,46.9987,72.64,91.0,100.0,10.27,MG,1683839379.0
78,vavuniya,8.7514,80.4971,78.69,89.0,100.0,8.28,LK,1683839656.0
79,veraval,20.9,70.3667,85.71,55.0,1.0,11.79,IN,1683839656.0
80,gornopravdinsk,60.05,69.9,27.5,74.0,11.0,3.67,RU,1683839656.0
81,avarua,-21.2078,-159.775,80.65,74.0,75.0,18.41,CK,1683839657.0
82,chancay,-11.5714,-77.2672,71.83,78.0,99.0,8.01,PE,1683839658.0
83,prince rupert,54.3161,-130.3201,57.27,50.0,100.0,5.5,CA,1683839658.0
84,port elizabeth,-33.918,25.5701,62.89,99.0,100.0,3.44,ZA,1683839658.0
85,kapuskasing,49.4169,-82.4331,66.7,63.0,100.0,6.98,CA,1683839659.0
86,fortuna,40.5982,-124.1573,57.65,84.0,100.0,12.66,US,1683839659.0
87,goz beida,13.95,20.55,90.1,37.0,100.0,18.77,TD,1683839660.0
88,selfoss,63.9331,-20.9971,48.04,92.0,100.0,19.8,IS,1683839409.0
89,nova sintra,14.8667,-24.7167,68.32,80.0,1.0,19.64,CV,1683839660.0
90,invercargill,-46.4,168.35,47.01,95.0,100.0,3.0,NZ,1683839661.0
91,klyuchi,52.2667,79.1667,49.82,67.0,96.0,7.92,RU,1683839661.0
92,holualoa,19.6228,-155.9522,78.64,82.0,40.0,13.8,US,1683839662.0
93,atafu village,-8.5421,-172.5159,84.33,77.0,78.0,14.67,TK,1683839662.0
94,kone,-21.0595,164.8658,73.58,71.0,100.0,5.3,NC,1683839662.0
95,pandan,14.0453,124.1694,79.07,84.0,95.0,9.69,PH,1683839663.0
96,'ohonua,,,,,,,,
97,guerrero negro,27.9769,-114.0611,65.16,60.0,35.0,21.92,MX,1683839417.0
98,buka,40.8108,69.1986,75.76,30.0,100.0,0.87,UZ,1683839507.0
99,st. john's,47.5649,-52.7093,50.27,45.0,13.0,3.0,CA,1683839664.0
100,tangalle,6.024,80.7911,79.25,89.0,100.0,15.61,LK,1683839669.0
101,ribeira grande,38.5167,-28.7,60.78,82.0,2.0,5.01,PT,1683839669.0
102,port saint john's,-31.6229,29.5448,69.6,79.0,100.0,11.92,ZA,1683839669.0
103,georgetown,5.4112,100.3354,84.13,84.0,20.0,1.14,MY,1683839478.0
104,kota bharu,6.1333,102.2386,77.43,89.0,74.0,3.71,MY,1683839670.0
105,enewetak,11.3474,162.3373,81.54,84.0,78.0,14.9,MH,1683839632.0
106,broken hill,-31.95,141.4333,48.85,63.0,38.0,3.2,AU,1683839671.0
107,hawaiian paradise park,19.5933,-154.9731,80.11,72.0,40.0,9.22,US,1683839589.0
108,burang,30.25,81.1667,29.32,28.0,0.0,3.42,CN,1683839671.0
109,olinda,-8.0089,-34.8553,82.13,69.0,20.0,6.91,BR,1683839672.0
110,la passe,45.5549,-0.8967,56.98,81.0,10.0,9.42,FR,1683839672.0
111,saipan,15.1355,145.701,83.1,100.0,75.0,8.01,MP,1683839672.0
112,arraial do cabo,-22.9661,-42.0278,71.46,83.0,75.0,8.05,BR,1683839673.0
113,maloye ganyushkino,46.6,49.2667,53.64,64.0,8.0,12.08,KZ,1683839673.0
114,popondetta,-8.7537,148.2534,76.73,86.0,100.0,2.51,PG,1683839673.0
115,concepcion,-36.827,-73.0498,60.6,82.0,0.0,8.05,CL,1683839440.0
116,lata,40.1629,-8.3327,59.81,84.0,0.0,4.32,PT,1683839674.0
117,shache,38.4167,77.2406,61.12,12.0,45.0,4.38,CN,1683839674.0
118,iqaluit,63.7506,-68.5145,27.7,68.0,6.0,11.01,CA,1683839602.0
119,maracacume,-2.0428,-45.9592,75.72,95.0,98.0,4.03,BR,1683839675.0
120,myeik,12.4333,98.6,81.81,80.0,67.0,5.19,MM,1683839676.0
121,antsiranana,-12.2787,49.2917,75.83,82.0,3.0,11.86,MG,1683839676.0
122,hithadhoo,-0.6,73.0833,82.31,80.0,100.0,14.0,MV,1683839677.0
123,nemuro,43.3236,145.575,38.73,79.0,4.0,9.26,JP,1683839677.0
124,chirilagua,13.2203,-88.1386,90.41,46.0,35.0,8.55,SV,1683839677.0
125,albany,42.6001,-73.9662,78.37,34.0,4.0,1.01,US,1683839096.0
126,benguela,-12.5763,13.4055,77.18,88.0,7.0,2.13,AO,1683839678.0
127,petropavlovsk-kamchatsky,53.0452,158.6483,34.39,87.0,75.0,2.24,RU,1683839655.0
128,nchelenge,-9.3451,28.734,68.65,72.0,9.0,2.89,ZM,1683839678.0
129,ust-nera,64.5667,143.2,36.73,77.0,99.0,4.34,RU,1683839679.0
130,kailua-kona,19.6406,-155.9956,82.36,81.0,40.0,13.8,US,1683839679.0
131,bennington,42.8781,-73.1968,77.45,58.0,75.0,9.22,US,1683839679.0
132,mata-utu,-13.2816,-176.1745,84.4,66.0,97.0,15.75,WF,1683839680.0
133,alotau,,,,,,,,
134,qiqihar,47.3408,123.9672,64.0,28.0,100.0,15.08,CN,1683839449.0
135,altamira,-3.2033,-52.2064,80.13,79.0,100.0,1.48,BR,1683839680.0
136,narrabri,-30.3167,149.7833,51.53,77.0,4.0,3.0,AU,1683839681.0
137,sao paulo do potengi,-5.895,-35.7628,80.71,77.0,42.0,9.37,BR,1683839414.0
138,port isabel,26.0734,-97.2086,89.64,72.0,75.0,17.27,US,1683839681.0
139,le port,-20.9373,55.2919,76.96,87.0,96.0,6.02,RE,1683839682.0
140,korem,12.5058,39.5228,58.89,78.0,38.0,1.21,ET,1683839682.0
141,hailey,43.5196,-114.3153,63.0,45.0,72.0,8.99,US,1683839682.0
142,utrik,11.2278,169.8474,81.0,81.0,94.0,16.44,MH,1683839646.0
143,bowen,-20.0167,148.2333,69.15,86.0,26.0,13.22,AU,1683839642.0
144,katsuura,35.1333,140.3,60.8,64.0,100.0,5.79,JP,1683839683.0
145,tateyama,34.9833,139.8667,60.17,68.0,100.0,6.22,JP,1683839683.0
146,santa ana,33.7456,-117.8678,75.65,58.0,75.0,8.05,US,1683839684.0
147,vanimo,-2.6741,141.3028,77.95,85.0,100.0,2.57,PG,1683839684.0
148,valle aurina - ahrntal,46.9962,11.9799,44.4,97.0,98.0,3.18,IT,1683839685.0
149,parabel',58.6978,81.4825,33.22,73.0,29.0,10.85,RU,1683839685.0
150,mahina,-17.5065,-149.489,82.17,69.0,75.0,6.91,PF,1683839690.0
151,port mathurin,-19.6833,63.4167,77.86,75.0,73.0,20.54,MU,1683839691.0
152,olyokminsk,60.3736,120.4264,33.75,71.0,100.0,2.24,RU,1683839691.0
153,zhongxiang,31.1661,112.5831,59.22,85.0,2.0,4.56,CN,1683839691.0
154,tobi village,,,,,,,,
155,talnakh,69.4865,88.3972,2.21,88.0,21.0,11.03,RU,1683839692.0
156,cannonvale,-20.2833,148.7,70.99,81.0,19.0,16.31,AU,1683839692.0
157,psachna,38.5833,23.6333,55.72,81.0,100.0,4.85,GR,1683839693.0
158,margate,51.3813,1.3862,53.69,83.0,4.0,1.01,GB,1683839651.0
159,haiku-pauwela,20.9219,-156.3051,84.22,45.0,20.0,20.71,US,1683839694.0
160,barra de santo antonio,-9.4047,-35.5072,79.88,77.0,13.0,11.54,BR,1683839685.0
161,kongolo,-5.3833,27.0,72.45,86.0,14.0,2.37,CD,1683839694.0
162,yanchep,-31.55,115.6833,53.73,57.0,54.0,9.04,AU,1683839695.0
163,arno,60.1167,18.6333,48.78,60.0,59.0,9.35,SE,1683839695.0
164,asind,25.7333,74.3333,87.67,11.0,0.0,4.52,IN,1683839696.0
165,taulaga,-11.0553,-171.0883,83.21,71.0,65.0,13.35,AS,1683839597.0
166,sinazongwe,-17.2614,27.4618,69.84,43.0,0.0,3.89,ZM,1683839697.0
167,dickinson,29.4608,-95.0513,89.13,75.0,40.0,11.5,US,1683839698.0
168,envira,-7.3,-70.2167,82.18,69.0,85.0,2.13,BR,1683839698.0
169,sampit,-2.5333,112.95,75.87,98.0,38.0,2.66,ID,1683839698.0
170,coquimbo,-29.9533,-71.3436,58.73,88.0,40.0,6.91,CL,1683839699.0
171,isafjordur,66.0755,-23.124,45.36,91.0,100.0,9.71,IS,1683839699.0
172,sitka,57.0531,-135.33,57.09,51.0,75.0,13.8,US,1683839700.0
173,vilyuysk,63.7553,121.6247,31.41,64.0,4.0,3.58,RU,1683839700.0
174,tsiombe,-25.3,45.4833,72.68,85.0,100.0,4.18,MG,1683839700.0
175,ust'-ilimsk,58.0006,102.6619,36.12,59.0,100.0,5.28,RU,1683839701.0
176,tarauaca,-8.1614,-70.7656,81.36,74.0,99.0,1.39,BR,1683839599.0
177,chonchi,-42.6128,-73.8092,56.12,90.0,100.0,2.21,CL,1683839701.0
178,duyun,26.2667,107.5167,56.62,98.0,86.0,3.09,CN,1683839702.0
179,zaozersk,69.4005,32.4476,35.96,100.0,100.0,4.68,RU,1683839703.0
180,masuguru,-11.3667,38.4167,75.61,68.0,98.0,3.65,TZ,1683839577.0
181,puerto ayora,-0.7393,-90.3518,82.36,92.0,87.0,8.99,EC,1683839704.0
182,weno,7.4515,151.8468,83.43,77.0,76.0,5.82,FM,1683839704.0
183,new norfolk,-42.7826,147.0587,47.91,68.0,100.0,3.0,AU,1683839704.0
184,minas de marcona,-15.2119,-75.1103,65.61,64.0,32.0,11.99,PE,1683839705.0
185,polyarnyy,69.1989,33.4478,37.74,99.0,100.0,4.61,RU,1683839705.0
186,ouesso,1.6136,16.0517,76.42,80.0,97.0,2.75,CG,1683839706.0
187,hermanus,-34.4187,19.2345,51.8,70.0,100.0,12.62,ZA,1683839661.0
188,taltal,-25.4,-70.4833,66.04,75.0,26.0,4.83,CL,1683839706.0
189,noumea,-22.2763,166.4572,73.99,99.0,100.0,11.79,NC,1683839707.0
190,ino,33.55,133.4333,57.36,64.0,1.0,3.42,JP,1683839707.0
191,paratinga,-12.6906,-43.1842,84.9,38.0,81.0,1.23,BR,1683839707.0
192,rimouski,48.4488,-68.524,59.49,50.0,4.0,2.42,CA,1683839582.0
193,jalqani,12.4486,34.2186,92.73,11.0,0.0,5.12,SD,1683839708.0
194,dakhla,23.6848,-15.958,68.02,83.0,72.0,18.41,EH,1683839708.0
195,ola,59.5833,151.2833,33.91,87.0,97.0,2.62,RU,1683839655.0
196,jutai,-5.1833,-68.9,78.42,93.0,100.0,2.15,BR,1683839709.0
197,nizhneudinsk,54.9076,99.0276,43.54,61.0,99.0,3.38,RU,1683839709.0
198,gombong,-7.6072,109.5142,76.91,92.0,96.0,1.99,ID,1683839710.0
199,cajati,-24.7361,-48.1228,62.94,89.0,20.0,2.06,BR,1683839710.0
200,swan hill,-35.3378,143.5544,49.87,63.0,100.0,3.33,AU,1683839716.0
201,kavaratti,10.5669,72.642,84.56,72.0,100.0,4.99,IN,1683839716.0
202,bengkulu,-3.8004,102.2655,77.63,85.0,62.0,5.14,ID,1683839699.0
203,rio preto da eva,-2.6994,-59.6997,78.51,95.0,75.0,2.93,BR,1683839688.0
204,nikolayevsk-on-amure,53.1406,140.73,39.33,68.0,10.0,2.89,RU,1683839717.0
205,tazovsky,67.4667,78.7,-5.39,100.0,81.0,7.47,RU,1683839717.0
206,trairi,-3.2778,-39.2689,78.93,80.0,57.0,6.33,BR,1683839517.0
207,ngama,11.7833,17.1667,93.06,34.0,96.0,8.79,TD,1683839718.0
208,ta`u,-14.2336,-169.5144,81.9,78.0,21.0,10.16,AS,1683839718.0
209,ain smara,36.2674,6.5014,61.65,63.0,75.0,10.36,DZ,1683839718.0
210,la'ie,21.6477,-157.9253,80.56,74.0,25.0,5.99,US,1683839719.0
211,vingt cinq,,,,,,,,
212,la ronge,55.1001,-105.2842,73.65,21.0,41.0,6.91,CA,1683839719.0
213,kodinsk,58.6881,99.1844,36.43,66.0,99.0,4.47,RU,1683839720.0
214,vadso,70.0744,29.7487,45.48,87.0,0.0,2.3,NO,1683839720.0
215,menominee,45.1078,-87.6143,80.65,36.0,0.0,12.66,US,1683839721.0
216,wad rawah,15.1603,33.1397,93.96,10.0,0.0,6.11,SD,1683839721.0
217,praia da vitoria,38.7333,-27.0667,63.75,95.0,57.0,9.24,PT,1683839722.0
218,port lincoln,-34.7333,135.8667,56.88,69.0,12.0,9.42,AU,1683839722.0
219,nadym,65.5333,72.5167,13.5,94.0,76.0,5.88,RU,1683839670.0
220,constitucion,-35.3333,-72.4167,63.82,64.0,95.0,14.23,CL,1683839722.0
221,brandon,27.9378,-82.2859,96.08,50.0,0.0,5.01,US,1683839576.0
222,tura,25.5198,90.2201,72.72,69.0,34.0,2.57,IN,1683839723.0
223,lebu,-37.6167,-73.65,58.21,89.0,98.0,8.25,CL,1683839723.0
224,isla mujeres,21.2311,-86.731,86.16,79.0,22.0,14.56,MX,1683839724.0
225,el calafate,-50.3408,-72.2768,47.35,77.0,100.0,6.04,AR,1683839724.0
226,whitby,54.4877,-0.615,51.31,90.0,9.0,5.1,GB,1683839724.0
227,dipayal,29.2608,80.94,68.67,38.0,3.0,4.21,NP,1683839725.0
228,luderitz,-26.6481,15.1594,60.53,69.0,100.0,21.9,NA,1683839655.0
229,mikuni,36.2171,136.1519,49.84,64.0,0.0,4.18,JP,1683839726.0
230,antsirabe afovoany,,,,,,,,
231,tanah rata,4.475,101.3704,61.43,94.0,90.0,1.83,MY,1683839727.0
232,egilsstadir,65.2653,-14.3948,46.31,76.0,0.0,12.66,IS,1683839727.0
233,turpan,42.9333,89.1667,75.02,12.0,70.0,1.52,CN,1683839728.0
234,puerto lempira,15.2667,-83.7667,86.14,70.0,40.0,13.8,HN,1683839728.0
235,acarau,-2.8856,-40.12,79.72,83.0,44.0,8.81,BR,1683839728.0
236,dongola,19.1667,30.4833,93.94,10.0,35.0,8.41,SD,1683839729.0
237,kununurra,-15.7667,128.7333,64.38,42.0,3.0,5.75,AU,1683839730.0
238,xinyuan,37.3,99.0,25.84,69.0,98.0,2.24,CN,1683839730.0
239,lycksele,64.5954,18.6735,53.47,50.0,100.0,3.44,SE,1683839730.0
240,boca do acre,-8.7522,-67.3978,78.44,92.0,71.0,2.3,BR,1683839731.0
241,kulhudhuffushi,6.6221,73.07,83.88,77.0,93.0,10.6,MV,1683839731.0
242,ak-suu,42.4995,78.527,51.44,29.0,59.0,8.14,KG,1683839731.0
243,urcos,-13.6861,-71.6228,60.69,55.0,99.0,5.28,PE,1683839732.0
244,papatowai,-46.5619,169.4708,50.77,89.0,100.0,12.03,NZ,1683839732.0
245,xiangxiang,27.7333,112.5333,57.09,91.0,9.0,1.83,CN,1683839732.0
246,general toshevo,43.7,28.0333,46.13,80.0,15.0,1.01,BG,1683839733.0
247,tshabong,-26.05,22.45,68.27,25.0,51.0,6.4,BW,1683839733.0
248,afaahiti,-17.75,-149.2833,80.47,94.0,100.0,22.75,PF,1683839734.0
249,lianga,8.6336,126.0947,74.79,95.0,98.0,1.43,PH,1683839734.0
250,dunedin,-45.8742,170.5036,52.81,76.0,100.0,11.01,NZ,1683839516.0
251,motygino,58.1831,94.7592,37.26,70.0,100.0,1.72,RU,1683839740.0
252,fale old settlement,-9.3852,-171.2468,83.62,78.0,100.0,14.03,TK,1683839740.0
253,fuyu,45.1833,124.8167,61.3,33.0,100.0,14.18,CN,1683839740.0
254,candolim,15.5181,73.7626,83.61,81.0,100.0,3.47,IN,1683839741.0
255,yabelo,4.8833,38.0833,58.55,80.0,65.0,5.39,ET,1683839741.0
256,buritizeiro,-17.3511,-44.9622,81.75,41.0,90.0,4.14,BR,1683839741.0
257,nadi,-17.8,177.4167,82.4,65.0,20.0,10.36,FJ,1683839742.0
258,magadan,59.5667,150.8,33.44,89.0,100.0,5.57,RU,1683839742.0
259,voi,-3.3945,38.563,70.38,80.0,95.0,5.82,KE,1683839742.0
260,auki,-8.7676,160.7034,80.58,85.0,96.0,5.01,SB,1683839743.0
261,hassi messaoud,31.6804,6.0729,87.51,17.0,83.0,17.83,DZ,1683839743.0
262,muzayri',,,,,,,,
263,port macquarie,-31.4333,152.9167,50.9,90.0,7.0,4.21,AU,1683839744.0
264,vorgashor,67.5833,63.95,9.05,98.0,83.0,4.16,RU,1683839744.0
265,alameda,37.5999,-121.8844,73.26,56.0,0.0,10.36,US,1683839544.0
266,coahuayana de hidalgo,18.7,-103.6583,90.03,50.0,26.0,8.75,MX,1683839745.0
267,mahibadhoo,3.7833,72.9667,82.81,79.0,100.0,16.42,MV,1683839745.0
268,praia,14.9215,-23.5087,73.94,73.0,20.0,13.8,CV,1683839745.0
269,fabens,31.5023,-106.1586,83.52,6.0,0.0,16.75,US,1683839745.0
270,ilulissat,69.2167,-51.1,28.42,80.0,100.0,17.27,GL,1683839746.0
271,akrehamn,59.2667,5.1833,46.42,100.0,100.0,5.75,NO,1683839746.0
272,udachny,66.4167,112.4,34.45,69.0,100.0,12.84,RU,1683839746.0
273,port alfred,-33.5906,26.891,63.18,96.0,82.0,1.99,ZA,1683839747.0
274,namibe,-15.1961,12.1522,73.8,74.0,4.0,6.13,AO,1683839747.0
275,tromso,69.6496,18.957,44.62,87.0,75.0,9.22,NO,1683839748.0
276,daru,-9.0763,143.2092,77.07,96.0,100.0,14.34,PG,1683839653.0
277,nanao,37.05,136.9667,52.18,69.0,0.0,7.65,JP,1683839749.0
278,pokrovsk,48.282,37.1758,43.59,84.0,11.0,6.2,UA,1683839749.0
279,hauterive,46.0901,3.4459,48.96,95.0,58.0,0.87,FR,1683839668.0
280,sandakan,5.8402,118.1179,76.15,91.0,69.0,3.53,MY,1683839750.0
281,damongo,,,,,,,,
282,al jawf,29.5,38.75,81.32,11.0,0.0,13.49,SA,1683839751.0
283,wanganui,-39.9333,175.05,46.6,94.0,19.0,3.0,NZ,1683839751.0
284,tranovaho,,,,,,,,
285,zonguldak,41.25,31.8333,44.6,96.0,100.0,2.39,TR,1683839751.0
286,pozanti,37.4278,34.8717,64.76,40.0,100.0,2.13,TR,1683839752.0
287,paraty,-23.2178,-44.7131,69.08,96.0,76.0,3.06,BR,1683839752.0
288,riyadh,24.6877,46.7219,86.14,14.0,1.0,11.14,SA,1683839753.0
289,puerto baquerizo moreno,-0.9,-89.6,81.59,83.0,75.0,13.8,EC,1683839549.0
290,puerto san jose,13.9256,-90.8244,89.33,59.0,8.0,12.28,GT,1683839753.0
291,lerwick,60.1545,-1.1494,48.2,90.0,2.0,8.12,GB,1683839700.0
292,nogliki,51.8333,143.1667,34.21,88.0,36.0,2.71,RU,1683839754.0
293,saldanha,-33.0117,17.9442,57.61,63.0,95.0,24.02,ZA,1683839754.0
294,bardai,11.65,7.2333,84.54,38.0,68.0,2.62,NG,1683839620.0
295,nuuk,64.1835,-51.7216,36.21,93.0,75.0,17.27,GL,1683839537.0
296,senanga,-16.1167,23.2667,65.25,36.0,2.0,4.85,ZM,1683839755.0
297,ochobo,7.183,7.9769,84.94,63.0,44.0,7.58,NG,1683839755.0
298,dammam,26.4344,50.1033,84.31,23.0,0.0,3.44,SA,1683839756.0
299,rio gallegos,-51.6226,-69.2181,50.05,66.0,0.0,13.8,AR,1683839756.0
300,yoloten,37.2989,62.3597,73.56,42.0,54.0,8.46,TM,1683839761.0
301,tual,-5.6667,132.75,79.29,90.0,100.0,17.22,ID,1683839762.0
302,yagry,,,,,,,,
303,vanino,49.0869,140.2543,38.39,63.0,8.0,3.0,RU,1683839762.0
304,ascencion,31.1,-107.9833,78.21,8.0,0.0,10.8,MX,1683839763.0
305,baiyin,36.5583,104.2081,54.48,32.0,100.0,6.82,CN,1683839763.0
306,sandnessjoen,66.0217,12.6316,48.72,97.0,75.0,4.61,NO,1683839763.0
307,lotoshino,56.2267,35.6414,47.53,75.0,25.0,3.53,RU,1683839764.0
308,shimoda,34.6667,138.95,59.11,81.0,78.0,10.94,JP,1683839764.0
309,guarapari,-20.6667,-40.4975,73.54,84.0,88.0,7.25,BR,1683839764.0
310,iskateley,67.6803,53.1512,32.54,98.0,100.0,11.48,RU,1683839598.0
311,tumaco,1.7986,-78.8156,83.17,76.0,99.0,5.23,CO,1683839765.0
312,merlo,-32.3429,-65.014,64.96,62.0,78.0,5.95,AR,1683839501.0
313,touros,-5.1989,-35.4608,79.29,77.0,71.0,11.14,BR,1683839687.0
314,jiwani,25.05,61.7417,84.7,67.0,0.0,8.1,PK,1683839766.0
315,mejit,10.2753,170.8646,81.61,81.0,99.0,16.69,MH,1683839767.0
316,kolaras,25.2333,77.6,84.18,13.0,0.0,6.98,IN,1683839767.0
317,manistee,44.2445,-86.3242,73.35,46.0,0.0,12.66,US,1683839767.0
318,camana,-16.6228,-72.7111,69.01,76.0,91.0,5.32,PE,1683839768.0
319,pangkalanbuun,-2.6833,111.6167,76.06,96.0,91.0,2.35,ID,1683839768.0
320,cargados carajos,,,,,,,,
321,murghob,38.1702,73.9667,28.54,50.0,84.0,5.5,TJ,1683839769.0
322,east london,-33.0153,27.9116,66.67,75.0,100.0,13.44,ZA,1683839660.0
323,markala,13.7021,-6.0659,98.65,9.0,100.0,5.64,ML,1683839770.0
324,kuanda,56.3161,116.0806,30.18,86.0,76.0,4.27,RU,1683839770.0
325,kilimatinde,-5.85,34.95,69.67,67.0,91.0,4.03,TZ,1683839770.0
326,cidreira,-30.1811,-50.2056,61.25,79.0,81.0,11.86,BR,1683839671.0
327,boguchany,58.3814,97.4531,38.66,55.0,100.0,2.42,RU,1683839771.0
328,ati,13.2154,18.3353,89.74,41.0,64.0,17.0,TD,1683839771.0
329,umm kaddadah,13.6017,26.6876,91.22,27.0,96.0,7.54,SD,1683839772.0
330,pingdingshan,33.7385,113.3012,57.79,63.0,22.0,4.5,CN,1683839772.0
331,puerto san carlos,,,,,,,,
332,mahebourg,-20.4081,57.7,77.29,73.0,40.0,8.05,MU,1683839772.0
333,trinidad,-14.8333,-64.9,80.64,73.0,100.0,2.15,BO,1683839773.0
334,pangoa,-12.1167,-73.0,75.0,85.0,100.0,2.3,PE,1683839773.0
335,bentiu,9.2333,29.8333,88.52,37.0,41.0,2.08,SS,1683839774.0
336,mokhsogollokh,61.4681,128.9203,29.77,61.0,100.0,6.69,RU,1683839774.0
337,kashmor,28.4333,69.5833,94.96,11.0,0.0,6.6,PK,1683839775.0
338,sungai penuh,-2.0833,101.3833,65.82,98.0,99.0,4.5,ID,1683839775.0
339,siwa oasis,29.2041,25.5195,73.26,43.0,0.0,15.19,EG,1683839776.0
340,kostomuksha,64.571,30.5767,35.87,99.0,98.0,2.24,RU,1683839776.0
341,santo antonio do sudoeste,-26.0736,-53.7253,55.8,76.0,5.0,4.34,BR,1683839755.0
342,karratha,-20.7377,116.8463,71.91,27.0,1.0,11.77,AU,1683839776.0
343,wanlaweyn,2.6185,44.8938,78.67,84.0,54.0,10.0,SO,1683839777.0
344,swift current,50.2834,-107.8014,61.61,55.0,0.0,10.36,CA,1683839777.0
345,san martin,-33.081,-68.4681,72.14,37.0,21.0,4.43,AR,1683839777.0
346,sao tome,0.3365,6.7273,82.27,80.0,74.0,6.44,ST,1683839778.0
347,bihpuriagaon,27.0333,93.9,72.3,65.0,93.0,3.8,IN,1683839778.0
348,richards bay,-28.783,32.0377,66.76,90.0,0.0,5.95,ZA,1683839778.0
349,merizo village,13.2658,144.6691,82.98,96.0,21.0,6.46,GU,1683839779.0
350,cuatro cienegas de carranza,26.9833,-102.0833,95.13,8.0,9.0,7.29,MX,1683839784.0
351,bodo,67.28,14.405,45.95,99.0,100.0,13.8,NO,1683839785.0
352,awjilah,29.1081,21.2869,74.3,39.0,23.0,13.71,LY,1683839785.0
353,zhezqazghan,47.7833,67.7667,65.3,46.0,70.0,10.6,KZ,1683839785.0
354,cuyo,10.8525,121.0086,83.84,75.0,100.0,2.82,PH,1683839785.0
355,kosti,13.1629,32.6635,93.31,13.0,0.0,6.26,SD,1683839786.0
356,gulf shores,30.246,-87.7008,85.57,69.0,40.0,13.8,US,1683839786.0
357,papao,-17.75,-149.55,82.08,91.0,100.0,19.62,PF,1683839786.0
358,aykhal,66.0,111.5,29.89,96.0,100.0,17.43,RU,1683839787.0
359,dryden,49.7833,-92.7503,75.74,30.0,68.0,5.84,CA,1683839647.0
360,rio grande,-32.035,-52.0986,68.11,70.0,43.0,9.19,BR,1683839787.0
361,tongouson,5.0214,120.1328,82.51,76.0,10.0,3.31,PH,1683839788.0
362,cortez,37.3489,-108.5859,68.76,31.0,100.0,10.36,US,1683839788.0
363,glace bay,46.1969,-59.957,54.32,34.0,20.0,10.36,CA,1683839788.0
364,isiro,2.7739,27.616,67.21,99.0,69.0,2.37,CD,1683839789.0
365,remire-montjoly,4.9167,-52.2667,77.04,88.0,75.0,2.3,GF,1683839789.0
366,puerto armuelles,8.2833,-82.8667,84.18,67.0,71.0,6.33,PA,1683839789.0
367,taksimo,56.3444,114.8794,30.4,81.0,62.0,4.29,RU,1683839790.0
368,palasa,18.7667,84.4167,79.95,79.0,81.0,2.37,IN,1683839790.0
369,natal,-5.795,-35.2094,81.25,78.0,20.0,8.05,BR,1683839790.0
370,ribeira brava,32.65,-17.0667,68.72,70.0,100.0,10.54,PT,1683839791.0
371,bayan nur,,,,,,,,
372,baikonur,45.6167,63.3167,75.25,31.0,91.0,7.9,KZ,1683839796.0
373,caribou,46.8606,-68.012,72.03,26.0,0.0,9.22,US,1683839797.0
374,livno,43.8269,17.0078,51.01,98.0,100.0,5.61,BA,1683839797.0
375,araxa,-19.5933,-46.9406,75.16,57.0,0.0,4.61,BR,1683839797.0
376,fort bragg,35.139,-79.006,84.2,39.0,20.0,8.05,US,1683839728.0
377,palikir - national government center,6.9248,158.1611,81.72,80.0,100.0,9.57,FM,1683839798.0
378,majuro,7.0897,171.3803,84.16,79.0,75.0,5.75,MH,1683839715.0
379,walvis bay,-22.9575,14.5053,59.09,84.0,100.0,8.19,NA,1683839770.0
380,kuching,1.55,110.3333,83.01,94.0,20.0,2.3,MY,1683839799.0
381,eyl,7.9803,49.8164,81.68,82.0,98.0,20.47,SO,1683839799.0
382,kalmunai,7.4167,81.8167,80.82,85.0,100.0,4.29,LK,1683839800.0
383,revda,56.801,59.9303,38.05,83.0,9.0,5.03,RU,1683839800.0
384,bratsk,56.1325,101.6142,39.69,61.0,100.0,5.53,RU,1683839656.0
385,grande prairie,55.1667,-118.8027,69.98,32.0,40.0,6.91,CA,1683839801.0
386,newman,37.3138,-121.0208,79.14,46.0,82.0,7.0,US,1683839802.0
387,argostolion,38.1811,20.489,61.11,82.0,2.0,4.43,GR,1683839803.0
388,colonia,50.9333,6.95,56.97,90.0,20.0,3.44,DE,1683839525.0
389,nyurba,63.2842,118.3319,31.28,68.0,3.0,4.61,RU,1683839803.0
390,slobodskoy,58.7322,50.1772,42.98,62.0,16.0,3.36,RU,1683839803.0
391,ouargla,31.9493,5.325,86.07,15.0,40.0,3.44,DZ,1683839804.0
392,salmon arm,50.6998,-119.3024,77.31,43.0,51.0,3.44,CA,1683839782.0
393,happy valley-goose bay,53.3168,-60.3315,53.91,24.0,20.0,8.05,CA,1683839805.0
394,mitu,1.1983,-70.1733,76.41,84.0,100.0,1.01,CO,1683839805.0
395,huntsville,34.7304,-86.5861,80.78,75.0,100.0,10.36,US,1683839800.0
396,ciudad bolivar,8.1222,-63.5497,98.28,26.0,78.0,3.53,VE,1683839806.0
397,sao pedro do sul,-29.6206,-54.1789,53.37,76.0,88.0,3.67,BR,1683839806.0
398,rabo de peixe,37.8,-25.5833,62.11,94.0,75.0,8.05,PT,1683839806.0
399,broome,42.2506,-75.833,77.18,39.0,20.0,12.66,US,1683839807.0
400,toamasina,-18.1667,49.3833,72.72,88.0,48.0,4.76,MG,1683839812.0
401,mount gambier,-37.8333,140.7667,51.96,93.0,84.0,1.95,AU,1683839751.0
402,zaragoza,41.6561,-0.8773,59.02,58.0,0.0,11.99,ES,1683839813.0
403,jijiga,9.35,42.8,65.48,82.0,9.0,4.09,ET,1683839813.0
404,livingstone,-17.8419,25.8543,62.37,52.0,0.0,4.45,ZM,1683839814.0
405,thinadhoo,0.5333,72.9333,82.62,80.0,86.0,14.05,MV,1683839814.0
406,cromer,52.9312,1.2989,53.67,87.0,11.0,5.01,GB,1683839814.0
407,aleksandrov gay,50.147,48.5704,47.39,89.0,23.0,8.46,RU,1683839814.0
408,tabou,4.423,-7.3528,80.56,87.0,25.0,8.57,CI,1683839815.0
409,ashland,40.8167,-82.2665,79.34,49.0,52.0,3.42,US,1683839815.0
410,nova vicosa,-17.8919,-39.3719,76.69,77.0,91.0,7.96,BR,1683839815.0
411,mbekenyera,-10.0,38.9833,68.99,90.0,30.0,3.69,TZ,1683839816.0
412,belmonte,-15.8631,-38.8828,77.25,79.0,78.0,9.4,BR,1683839816.0
413,bay harbor,30.1471,-85.6146,84.99,71.0,0.0,13.8,US,1683839816.0
414,howard springs,-12.497,131.047,64.31,36.0,49.0,7.49,AU,1683839817.0
415,colby,39.3958,-101.0524,55.45,89.0,100.0,19.57,US,1683839817.0
416,ondjiva,-17.0667,15.7333,68.76,31.0,65.0,4.97,AO,1683839817.0
417,magistral'nyy,56.1725,107.4458,31.03,83.0,78.0,3.87,RU,1683839817.0
418,liupanshui,,,,,,,,
419,harstad,68.799,16.5293,44.15,100.0,100.0,21.0,NO,1683839818.0
420,swainsboro,32.5974,-82.3337,86.05,35.0,0.0,9.22,US,1683839818.0
421,ulladulla,-35.35,150.4667,52.03,73.0,2.0,7.4,AU,1683839819.0
422,kerikeri,-35.2268,173.9474,52.92,96.0,24.0,3.6,NZ,1683839820.0
423,okhotsk,59.3833,143.3,32.86,88.0,100.0,2.89,RU,1683839820.0
424,andergrove,-21.0833,149.1833,68.65,78.0,14.0,12.5,AU,1683839821.0
425,midvagur,62.0511,-7.1939,49.03,81.0,100.0,3.44,FO,1683839821.0
426,nguruka,-5.1092,31.0419,65.75,91.0,96.0,0.85,TZ,1683839821.0
427,huarmey,-10.0681,-78.1522,76.62,74.0,67.0,11.81,PE,1683839822.0
428,tikrit,34.6071,43.6782,84.9,17.0,4.0,5.44,IQ,1683839822.0
429,nagqu,31.5,92.0,21.67,78.0,100.0,3.85,CN,1683839822.0
430,youghal,51.95,-7.8506,52.81,96.0,66.0,13.65,IE,1683839823.0
431,takamaka,,,,,,,,
432,gamba,-2.65,10.0,78.08,92.0,90.0,4.52,GA,1683839823.0
433,manavalakurichi,8.1333,77.3,81.55,85.0,99.0,9.35,IN,1683839824.0
434,ilha de mocambique,-15.0342,40.7358,79.38,71.0,95.0,6.67,MZ,1683839824.0
435,gadzhiyevo,69.2551,33.3362,36.34,100.0,100.0,4.36,RU,1683839824.0
436,gobichettipalayam,11.4667,77.45,79.68,77.0,100.0,4.09,IN,1683839825.0
437,parral,26.9333,-105.6667,82.58,5.0,0.0,10.38,MX,1683839825.0
438,kingscliff,-28.2667,153.5667,62.76,88.0,75.0,4.61,AU,1683839825.0
439,salinopolis,-0.6136,-47.3561,80.31,79.0,82.0,6.26,BR,1683839697.0
440,antigonish,45.6169,-61.9986,58.14,47.0,46.0,5.01,CA,1683839826.0
441,brisas de zicatela,15.8369,-97.0419,87.26,64.0,25.0,12.21,MX,1683839826.0
442,ballina,-28.8667,153.5667,58.01,99.0,75.0,5.61,AU,1683839827.0
443,north auburn,38.9313,-121.0819,74.05,53.0,0.0,5.75,US,1683839827.0
444,labrador city,52.9463,-66.9114,55.24,31.0,14.0,8.9,CA,1683839716.0
445,arroio grande,-32.2375,-53.0869,55.4,80.0,23.0,3.96,BR,1683839828.0
446,arteche,12.2645,125.4048,78.85,84.0,99.0,4.47,PH,1683839828.0
447,nishinoomote,30.7333,131.0,68.29,64.0,5.0,8.95,JP,1683839829.0
448,tondano,1.3038,124.9112,71.69,95.0,69.0,3.6,ID,1683839829.0
449,trail,49.0998,-117.7022,72.32,38.0,46.0,4.12,CA,1683839830.0
450,pochinki,54.6988,44.8668,47.91,75.0,98.0,7.49,RU,1683839835.0
451,viedma,-40.8135,-62.9967,63.66,35.0,32.0,14.61,AR,1683839835.0
452,gweru,-19.45,29.8167,56.55,53.0,19.0,3.65,ZW,1683839835.0
453,isiolo,0.3546,37.5822,68.32,70.0,65.0,8.32,KE,1683839836.0
454,chibougamau,49.9168,-74.3659,69.42,26.0,0.0,9.22,CA,1683839836.0
455,island harbour,50.724,-1.2758,55.92,92.0,55.0,5.93,GB,1683839836.0
456,lodwar,3.1191,35.5973,86.04,42.0,88.0,17.83,KE,1683839837.0
457,sola,-13.8833,167.55,81.05,75.0,41.0,25.32,VU,1683839837.0
458,cable beach,,,,,,,,
459,santiago de cao,-7.9589,-79.2392,77.13,73.0,0.0,9.22,PE,1683839838.0
460,saint-joseph,-21.3667,55.6167,71.98,81.0,98.0,11.32,RE,1683839839.0
461,xiazhen,34.8022,117.1117,55.69,62.0,47.0,4.68,CN,1683839839.0
462,taoudenni,22.6783,-3.9836,95.92,9.0,88.0,11.77,ML,1683839770.0
463,do'stlik shahri,,,,,,,,
464,vernon,50.2581,-119.2691,78.3,20.0,70.0,3.44,CA,1683839808.0
465,malvan,16.0667,73.4667,83.26,79.0,85.0,5.01,IN,1683839841.0
466,petauke,-14.2426,31.3253,59.92,62.0,0.0,3.65,ZM,1683839841.0
467,tres arroyos,-38.3739,-60.2798,53.56,47.0,14.0,6.49,AR,1683839842.0
468,kembe,4.6228,21.8865,72.72,81.0,66.0,2.39,CF,1683839842.0
469,hammerfest,70.6634,23.6821,43.25,100.0,75.0,5.75,NO,1683839843.0
470,carnarvon,-24.8667,113.6333,70.9,55.0,0.0,9.17,AU,1683839843.0
471,chatham,51.3789,0.5279,57.06,57.0,9.0,5.66,GB,1683839843.0
472,kolonia,50.9333,6.95,56.97,90.0,20.0,3.44,DE,1683839789.0
473,lashkar gah,31.5938,64.3716,83.37,14.0,0.0,7.07,AF,1683839844.0
474,bubaque,11.2833,-15.8333,79.93,72.0,82.0,20.09,GW,1683839678.0
475,dudinka,69.4058,86.1778,2.62,98.0,34.0,12.64,RU,1683839599.0
476,dengzhou,37.8086,120.7508,60.15,41.0,98.0,9.42,CN,1683839844.0
477,usinsk,65.9939,57.5281,31.59,87.0,100.0,10.92,RU,1683839845.0
478,kavieng,-2.5744,150.7967,79.95,86.0,100.0,7.05,PG,1683839845.0
479,tralee,52.2704,-9.7026,50.99,94.0,36.0,13.96,IE,1683839846.0
480,khabarovsk,48.4808,135.0928,46.2,81.0,0.0,4.47,RU,1683839846.0
481,cacule,-14.5033,-42.2222,81.18,44.0,95.0,4.21,BR,1683839767.0
482,inhambane,-23.865,35.3833,71.35,81.0,15.0,7.34,MZ,1683839846.0
483,tossa de mar,41.7325,2.9338,53.71,96.0,100.0,2.26,ES,1683839847.0
484,kulia village,,,,,,,,
485,muynoq,43.7683,59.0214,72.46,38.0,0.0,7.45,UZ,1683839848.0
486,fuvahmulah,,,,,,,,
487,traverse city,44.7631,-85.6206,79.0,37.0,20.0,9.22,US,1683839849.0
488,dali,25.7,100.1833,56.07,74.0,59.0,4.03,CN,1683839849.0
489,manaure,11.7751,-72.4445,90.05,49.0,50.0,15.46,CO,1683839849.0
490,kabalo,-6.05,26.9167,72.55,84.0,60.0,3.8,CD,1683839713.0
491,ocean springs,30.4113,-88.8278,80.58,88.0,100.0,10.0,US,1683839806.0
492,kasamwa,-2.85,32.4333,65.48,91.0,37.0,0.89,TZ,1683839850.0
493,sisimiut,66.9395,-53.6735,28.31,88.0,100.0,16.26,GL,1683839683.0
494,luebo,-5.35,21.4167,75.16,68.0,65.0,1.97,CD,1683839851.0
495,juhaynah,26.6732,31.4976,84.58,19.0,0.0,14.18,EG,1683839851.0
496,santo amaro da imperatriz,-27.6881,-48.7786,67.82,81.0,23.0,2.84,BR,1683839851.0
497,ventspils,57.3894,21.5606,42.73,100.0,0.0,0.0,LV,1683839852.0
498,vila velha,-20.3297,-40.2925,75.15,83.0,75.0,8.05,BR,1683839852.0
499,ponta delgada,37.7333,-25.6667,63.32,94.0,75.0,8.05,PT,1683839852.0
500,mukalla,14.5425,49.1242,83.98,73.0,97.0,3.6,YE,1683839857.0
501,mount pearl,47.5166,-52.7813,49.86,44.0,14.0,8.99,CA,1683839210.0
502,oranjemund,-28.55,16.4333,57.29,88.0,100.0,20.54,NA,1683839858.0
503,mtwara,-10.2667,40.1833,74.53,92.0,46.0,7.38,TZ,1683839858.0
504,marsh harbour,26.5412,-77.0636,78.17,69.0,1.0,14.27,BS,1683839859.0
505,santa cruz del norte,23.1539,-81.9236,82.38,75.0,81.0,16.87,CU,1683839859.0
506,vila franca do campo,37.7167,-25.4333,63.01,92.0,83.0,3.0,PT,1683839859.0
507,kuvshinovo,57.0295,34.1725,49.39,68.0,93.0,5.1,RU,1683839859.0
508,kayes,14.0,-11.0,102.07,15.0,97.0,1.1,ML,1683839860.0
509,hastings,50.8552,0.5729,52.32,43.0,17.0,1.34,GB,1683839860.0
510,zhangatas,43.5667,69.75,74.16,30.0,100.0,7.72,KZ,1683839860.0
511,baihe,22.15,107.2333,67.75,93.0,100.0,2.19,CN,1683839861.0
512,bintulu,3.1667,113.0333,77.41,100.0,20.0,0.0,MY,1683839861.0
513,la jolla,32.8473,-117.2742,74.66,68.0,20.0,13.8,US,1683839740.0
514,greymouth,-42.4667,171.2,43.3,66.0,8.0,6.38,NZ,1683839861.0
515,bayevo,53.2833,80.7667,45.68,81.0,14.0,8.46,RU,1683839862.0
516,cabo san lucas,22.8909,-109.9124,88.11,17.0,0.0,13.8,MX,1683839634.0
517,manokwari,-0.8667,134.0833,77.79,85.0,100.0,8.14,ID,1683839862.0
518,celestun,20.8667,-90.4,88.29,64.0,86.0,14.0,MX,1683839863.0
519,fonadhoo,,,,,,,,
520,crane,31.3974,-102.3501,86.09,8.0,0.0,15.64,US,1683839863.0
521,ouezzane,34.7971,-5.5822,61.25,79.0,100.0,3.11,MA,1683839864.0
522,yigo village,13.5361,144.8886,81.73,88.0,40.0,6.91,GU,1683839864.0
523,urzhar,47.093,81.6294,64.99,30.0,96.0,6.26,KZ,1683839865.0
524,sumbe,-11.2061,13.8437,77.99,88.0,0.0,4.32,AO,1683839865.0
525,wynyard,-41.0,145.7167,52.99,87.0,100.0,3.18,AU,1683839866.0
526,hadibu,12.65,54.0333,83.71,71.0,91.0,2.71,YE,1683839866.0
527,mashhad,36.297,59.6062,66.34,59.0,0.0,4.61,IR,1683839866.0
528,yarmouth,41.7057,-70.2286,81.07,50.0,0.0,11.5,US,1683839867.0
529,machico,32.7,-16.7667,68.72,71.0,20.0,19.57,PT,1683839867.0
530,lobujya,27.95,86.8167,11.44,59.0,0.0,8.05,NP,1683839867.0
531,santa cruz,-17.8,-63.1667,80.06,61.0,40.0,8.05,BO,1683839868.0
532,kruisfontein,-34.0033,24.7314,58.86,81.0,100.0,16.78,ZA,1683839868.0
533,portland,45.5234,-122.6762,77.14,48.0,62.0,5.01,US,1683839734.0
534,tamanrasset,22.785,5.5228,78.71,15.0,0.0,9.22,DZ,1683839868.0
535,ugoofaaru,5.6667,73.0,81.46,84.0,100.0,11.41,MV,1683839869.0
536,quellon,-43.1167,-73.6167,57.45,94.0,100.0,3.44,CL,1683839869.0
537,ahau,,,,,,,,
538,tarawa,1.419,172.984,86.09,79.0,75.0,9.22,KI,1683839870.0
539,pangody,65.85,74.4859,4.44,96.0,72.0,6.31,RU,1683839631.0
540,upington,-28.4478,21.2561,64.78,32.0,97.0,5.75,ZA,1683839871.0
541,borkum,53.5809,6.6915,52.95,96.0,100.0,17.49,DE,1683839871.0
542,patong,7.8961,98.2966,89.02,91.0,93.0,7.07,TH,1683839871.0
543,sajir,25.1825,44.5996,89.08,14.0,73.0,9.91,SA,1683839871.0
544,zhenjiang,32.2092,119.4342,62.8,55.0,100.0,4.03,CN,1683839872.0
545,minas de matahambre,,,,,,,,
546,xinqing,48.2333,129.5,47.75,46.0,100.0,2.64,CN,1683839872.0
547,ciudad constitucion,25.0369,-111.6644,78.6,27.0,34.0,18.54,MX,1683839873.0
548,port hedland,-20.3167,118.5667,66.25,26.0,4.0,8.05,AU,1683839873.0
549,pampa,35.5362,-100.9599,83.35,20.0,0.0,23.02,US,1683839830.0
550,dakoro,14.5106,6.765,89.73,33.0,89.0,7.9,NE,1683839686.0
551,gracemere,-23.4333,150.45,64.31,77.0,40.0,8.05,AU,1683839879.0
552,palmer,42.1584,-72.3287,80.2,25.0,40.0,14.97,US,1683839880.0
553,la punta,-33.1837,-66.3127,67.89,49.0,72.0,6.73,AR,1683839880.0
554,nungwi,-5.7265,39.2987,79.52,83.0,5.0,9.6,TZ,1683839880.0
555,sen monorom,12.45,107.2,68.05,98.0,99.0,2.08,KH,1683839881.0
556,brits,-25.6347,27.7802,53.33,35.0,0.0,3.67,ZA,1683839881.0
557,bodaybo,57.8506,114.1933,28.8,95.0,81.0,1.77,RU,1683839881.0
558,cockermouth,54.6621,-3.3609,52.61,87.0,15.0,1.01,GB,1683839882.0
559,akureyri,65.6835,-18.0878,55.33,58.0,20.0,14.97,IS,1683839692.0
560,dawei,14.0833,98.2,77.74,93.0,80.0,4.21,MM,1683839882.0
561,dubbo,-32.25,148.6167,42.93,87.0,0.0,6.91,AU,1683839875.0
562,balakhta,55.38,91.6,43.86,80.0,100.0,3.6,RU,1683839884.0
563,aketi,2.7388,23.7833,71.94,89.0,80.0,0.67,CD,1683839884.0
564,tanjung selor,,,,,,,,
565,lapovo,44.1842,21.0973,52.39,83.0,100.0,10.69,RS,1683839884.0
566,salym,60.0625,71.4789,25.92,82.0,7.0,3.83,RU,1683839885.0
567,loen,7.7601,168.2307,82.2,84.0,95.0,15.52,MH,1683839885.0
568,sinabang,2.4803,96.3801,82.42,82.0,94.0,9.95,ID,1683839886.0
569,port hueneme,34.1478,-119.1951,77.45,68.0,20.0,11.5,US,1683839769.0
570,roswell,34.0232,-84.3616,80.8,63.0,75.0,14.97,US,1683839630.0
571,castillos,-34.1667,-53.8333,60.13,55.0,99.0,7.29,UY,1683839886.0
572,ludington,43.9553,-86.4526,80.82,35.0,0.0,6.91,US,1683839887.0
573,hancheng,32.5186,112.3522,59.58,76.0,16.0,4.85,CN,1683839887.0
574,saida,34.8303,0.1517,62.38,69.0,66.0,6.93,DZ,1683839887.0
575,bougouni,11.417,-7.479,92.75,11.0,88.0,4.56,ML,1683839888.0
576,caririacu,-7.0422,-39.2836,80.69,70.0,20.0,3.44,BR,1683839888.0
577,mil'kovo,55.6078,37.7956,53.35,80.0,82.0,3.96,RU,1683839888.0
578,strathalbyn,-35.2667,138.9,57.65,93.0,93.0,4.05,AU,1683839889.0
579,shvartsevskiy,54.0961,37.9917,46.29,87.0,98.0,6.44,RU,1683839889.0
580,bail-hongal,15.8167,74.8667,78.21,76.0,98.0,11.34,IN,1683839889.0
581,moldova noua,44.7375,21.6669,57.02,69.0,100.0,20.83,RO,1683839889.0
582,amealco,20.1833,-100.15,75.27,14.0,35.0,12.12,MX,1683839890.0
583,pasni,25.2631,63.471,82.62,74.0,0.0,10.42,PK,1683839890.0
584,lompoc,34.6391,-120.4579,73.69,72.0,75.0,25.99,US,1683839890.0
585,orange,33.7,-117.7675,76.3,59.0,75.0,8.05,US,1683839732.0
586,flying fish cove,-10.4217,105.6791,80.28,94.0,100.0,14.97,CX,1683839702.0
587,beidaihehaibin,39.8222,119.5181,55.69,64.0,3.0,6.38,CN,1683839891.0
588,aksehir,38.3575,31.4164,56.03,91.0,100.0,5.12,TR,1683839891.0
589,san jose village,,,,,,,,
590,melfort,52.8667,-104.6177,73.53,21.0,100.0,4.61,CA,1683839892.0
591,diyadin,39.5406,43.6713,48.97,64.0,23.0,5.86,TR,1683839893.0
592,arkhangel'sk,64.5401,40.5433,38.7,96.0,46.0,5.1,RU,1683839893.0
593,argo,37.6333,22.7333,57.78,92.0,100.0,4.94,GR,1683839893.0
